,RandomForestRegressor(),LinearRegression(),Ridge(alpha=0.1),Lasso(alpha=0.5)
0,0.09862395375310984,0.001916177362354814,0.0304320803816057,0.3225661691638965
1,0.08988442283880198,0.0016490063532636195,0.028724366567742736,0.2354159046967527
