,RandomForestRegressor(),"SVR(coef0=1.2, kernel='poly')",Ridge(alpha=0.001)
0,0.09560717967202906,0.07925148761002115,0.0037343596340569506
1,0.08731331208737925,0.0712828921888509,0.00320699177039214
2,0.8799759242419375,0.8242118910450623,0.9967990005709484
3,0.40231325098275955,0.4868833229731958,0.06570114682381488
4,0.16185595191631688,0.23705537018942133,0.00431664069396448
