,DummyRegressor(),RandomForestRegressor(),"SVR(coef0=1.2, kernel='poly')",Ridge(alpha=0.001)
0,-0.314362155844086,-0.26834368375090306,-0.335834163060059,-0.3197101136236028
1,-0.00335756503064939,0.0330470317922017,-7.817628951214994,-0.16702404248825456
2,-1.0953992744693735,-1.074469263844362,-2.2727394295789005,-1.1784196418763249
3,-1.2001765390253745,-1.1560703741014557,-10.364994974234902,-1.3927355442510259
