,DummyRegressor(),RandomForestRegressor(),"SVR(coef0=1.2, kernel='poly')",Ridge(alpha=0.001)
0,-0.314313708504039,-0.0978675813283905,-0.07056347678738453,-0.002210665031085852
1,0.0,0.8678526011288312,0.860151709625462,0.9986036411156769
2,-1.0947830093067408,-0.3979103466121009,-0.40867714168161795,-0.040452969663706775
3,-1.1985677809738582,-0.15838905530488426,-0.16761536082935324,-0.0016731633238480557
