,DummyRegressor(),RandomForestRegressor(),"SVR(coef0=1.2, kernel='poly')",Ridge(alpha=0.001)
0,0.355388878967799,0.09320020136818753,0.0777234139549009,0.0025417242780195644
1,0.0,0.8967127343572212,0.8284552337587684,0.9964684822791482
2,1.1465534661906056,0.36848320816291247,0.4748790908647485,0.06813574462998476
3,1.3145848508336921,0.13577987469803227,0.22551015094053006,0.0046424796962824975
